ID,"Class"
750,Nigam
751,Nigam
752,Nigam
753,Nigam
754,Nigam
755,Nigam
756,Nigam
757,Nigam
758,Nigam
759,Nigam
760,Nigam
761,Nigam
762,Nigam
763,Nigam
764,Nigam
765,Nigam
766,Nigam
767,Nigam
768,Nigam
769,Nigam
770,Nigam
771,Nigam
772,Nigam
773,Nigam
774,Nigam
775,Nigam
776,Nigam
777,Nigam
778,Nigam
779,Nigam
780,Nigam
781,Nigam
782,Nigam
783,Nigam
784,Nigam
785,Nigam
786,Nigam
787,Nigam
788,Nigam
789,Nigam
790,Nigam
791,Nigam
792,Nigam
793,Nigam
794,Nigam
795,Nigam
796,Nigam
797,Nigam
798,Nigam
799,Nigam
800,Nigam
801,Nigam
802,Nigam
803,Nigam
804,Nigam
805,Nigam
806,Nigam
807,Nigam
808,Nigam
809,Nigam
810,Nigam
811,Nigam
812,Nigam
813,Nigam
814,Nigam
815,Nigam
816,Nigam
817,Nigam
818,Nigam
819,Nigam
820,Nigam
821,Nigam
822,Nigam
823,Nigam
824,Nigam
825,Nigam
826,Nigam
827,Nigam
828,Nigam
829,Nigam
830,Nigam
831,Nigam
832,Nigam
833,Nigam
834,Nigam
835,Nigam
836,Nigam
837,Nigam
838,Nigam
839,Nigam
840,Nigam
841,Nigam
842,Nigam
843,Nigam
844,Nigam
845,Nigam
846,Nigam
847,Nigam
848,Nigam
849,Nigam
850,Nigam
851,Nigam
852,Nigam
853,Nigam
854,Nigam
855,Nigam
856,Nigam
857,Nigam
858,Nigam
859,Nigam
860,Nigam
861,Nigam
862,Nigam
863,Nigam
864,Nigam
865,Nigam
866,Nigam
867,Nigam
868,Nigam
869,Nigam
870,Nigam
871,Nigam
872,Nigam
873,Nigam
874,Nigam
875,Nigam
876,Nigam
877,Nigam
878,Nigam
879,Nigam
880,Nigam
881,Nigam
882,Nigam
883,Nigam
884,Nigam
885,Nigam
886,Nigam
887,Nigam
888,Nigam
889,Nigam
890,Nigam
891,Nigam
892,Nigam
893,Nigam
894,Nigam
895,Nigam
896,Nigam
897,Nigam
898,Nigam
899,Nigam
900,Nigam
901,Nigam
902,Nigam
903,Nigam
904,Nigam
905,Nigam
906,Nigam
907,Nigam
908,Nigam
909,Nigam
910,Nigam
911,Nigam
912,Nigam
913,Nigam
914,Nigam
915,Nigam
916,Nigam
917,Nigam
918,Nigam
919,Nigam
920,Nigam
921,Nigam
922,Nigam
923,Nigam
924,Nigam
925,Nigam
926,Nigam
927,Nigam
928,Nigam
929,Nigam
930,Nigam
931,Nigam
932,Nigam
933,Nigam
934,Nigam
935,Nigam
936,Nigam
937,Nigam
938,Nigam
939,Nigam
940,Nigam
941,Nigam
942,Nigam
943,Nigam
944,Nigam
945,Nigam
946,Nigam
947,Nigam
948,Nigam
949,Nigam
950,Nigam
951,Nigam
952,Nigam
953,Nigam
954,Nigam
955,Nigam
956,Nigam
957,Nigam
958,Nigam
959,Nigam
960,Nigam
961,Nigam
962,Nigam
963,Nigam
964,Nigam
965,Nigam
966,Nigam
967,Nigam
968,Nigam
969,Nigam
970,Nigam
971,Nigam
972,Nigam
973,Nigam
974,Nigam
975,Nigam
976,Nigam
977,Nigam
978,Nigam
979,Nigam
980,Nigam
981,Nigam
982,Nigam
983,Nigam
984,Nigam
985,Nigam
986,Nigam
987,Nigam
988,Nigam
989,Nigam
990,Nigam
991,Nigam
992,Nigam
993,Nigam
994,Nigam
995,Nigam
996,Nigam
997,Nigam
998,Nigam
999,Nigam
1000,Nigam
1001,Nigam
1002,Nigam
1003,Nigam
1004,Nigam
1005,Nigam
1006,Nigam
1007,Nigam
1008,Nigam
1009,Nigam
1010,Nigam
1011,Nigam
1012,Nigam
1013,Nigam
1014,Nigam
1015,Nigam
1016,Nigam
1017,Nigam
1018,Nigam
1019,Nigam
1020,Nigam
1021,Nigam
1022,Nigam
1023,Nigam
1024,Nigam
1025,Nigam
1026,Nigam
1027,Nigam
1028,Nigam
1029,Nigam
1030,Nigam
1031,Nigam
1032,Nigam
1033,Nigam
1034,Nigam
1035,Nigam
1036,Nigam
1037,Nigam
1038,Nigam
1039,Nigam
1040,Nigam
1041,Nigam
1042,Nigam
1043,Nigam
1044,Nigam
1045,Nigam
1046,Nigam
1047,Nigam
1048,Nigam
1049,Nigam
1050,Nigam
1051,Nigam
1052,Nigam
1053,Nigam
1054,Nigam
1055,Nigam
1056,Nigam
1057,Nigam
1058,Nigam
1059,Nigam
1060,Nigam
1061,Nigam
1062,Nigam
1063,Nigam
1064,Nigam
1065,Nigam
1066,Nigam
1067,Nigam
1068,Nigam
1069,Nigam
1070,Nigam
1071,Nigam
1072,Nigam
1073,Nigam
1074,Nigam
1075,Nigam
1076,Nigam
1077,Nigam
1078,Nigam
1079,Nigam
1080,Nigam
1081,Nigam
1082,Nigam
1083,Nigam
1084,Nigam
1085,Nigam
1086,Nigam
1087,Nigam
1088,Nigam
1089,Nigam
1090,Nigam
1091,Nigam
1092,Nigam
1093,Nigam
1094,Nigam
1095,Nigam
1096,Nigam
1097,Nigam
1098,Nigam
1099,Nigam
1100,Nigam
1101,Nigam
1102,Nigam
1103,Nigam
1104,Nigam
1105,Nigam
1106,Nigam
1107,Nigam
1108,Nigam
1109,Nigam
1110,Nigam
1111,Nigam
1112,Nigam
1113,Nigam
1114,Nigam
1115,Nigam
1116,Nigam
1117,Nigam
1118,Nigam
1119,Nigam
1120,Nigam
1121,Nigam
1122,Nigam
1123,Nigam
1124,Nigam
1125,Nigam
1126,Nigam
1127,Nigam
1128,Nigam
1129,Nigam
1130,Nigam
1131,Nigam
1132,Nigam
1133,Nigam
1134,Nigam
1135,Nigam
1136,Nigam
1137,Nigam
1138,Nigam
1139,Nigam
1140,Nigam
1141,Nigam
1142,Nigam
1143,Nigam
1144,Nigam
1145,Nigam
1146,Nigam
1147,Nigam
1148,Nigam
1149,Nigam
1150,Nigam
1151,Nigam
1152,Nigam
1153,Nigam
1154,Nigam
1155,Nigam
1156,Nigam
1157,Nigam
1158,Nigam
1159,Nigam
1160,Nigam
1161,Nigam
1162,Nigam
1163,Nigam
1164,Nigam
1165,Nigam
1166,Nigam
1167,Nigam
1168,Nigam
1169,Nigam
1170,Nigam
1171,Nigam
1172,Nigam
1173,Nigam
1174,Nigam
1175,Nigam
1176,Nigam
1177,Nigam
1178,Nigam
1179,Nigam
1180,Nigam
1181,Nigam
1182,Nigam
1183,Nigam
1184,Nigam
1185,Nigam
1186,Nigam
1187,Nigam
1188,Nigam
1189,Nigam
1190,Nigam
1191,Nigam
1192,Nigam
1193,Nigam
1194,Nigam
1195,Nigam
1196,Nigam
1197,Nigam
1198,Nigam
1199,Nigam
1200,Nigam
1201,Nigam
1202,Nigam
1203,Nigam
1204,Nigam
1205,Nigam
1206,Nigam
1207,Nigam
1208,Nigam
1209,Nigam
1210,Nigam
1211,Nigam
1212,Nigam
1213,Nigam
1214,Nigam
1215,Nigam
1216,Nigam
1217,Nigam
1218,Nigam
1219,Nigam
1220,Nigam
1221,Nigam
1222,Nigam
1223,Nigam
1224,Nigam
1225,Nigam
1226,Nigam
1227,Nigam
1228,Nigam
1229,Nigam
1230,Nigam
1231,Nigam
1232,Nigam
1233,Nigam
1234,Nigam
1235,Nigam
1236,Nigam
1237,Nigam
1238,Nigam
1239,Nigam
1240,Nigam
1241,Nigam
1242,Nigam
1243,Nigam
1244,Nigam
1245,Nigam
1246,Nigam
1247,Nigam
1248,Nigam
1249,Nigam
1250,Nigam
1251,Nigam
1252,Nigam
1253,Nigam
1254,Nigam
1255,Nigam
1256,Nigam
1257,Nigam
1258,Nigam
1259,Nigam
1260,Nigam
1261,Nigam
1262,Nigam
1263,Nigam
1264,Nigam
1265,Nigam
1266,Nigam
1267,Nigam
1268,Nigam
1269,Nigam
1270,Nigam
1271,Nigam
1272,Nigam
1273,Nigam
1274,Nigam
1275,Nigam
1276,Nigam
1277,Nigam
1278,Nigam
1279,Nigam
1280,Nigam
1281,Nigam
1282,Nigam
1283,Nigam
1284,Nigam
1285,Nigam
1286,Nigam
1287,Nigam
1288,Nigam
1289,Nigam
1290,Nigam
1291,Nigam
1292,Nigam
1293,Nigam
1294,Nigam
1295,Nigam
1296,Nigam
1297,Nigam
1298,Nigam
1299,Nigam
1300,Nigam
1301,Nigam
1302,Nigam
1303,Nigam
1304,Nigam
1305,Nigam
1306,Nigam
1307,Nigam
1308,Nigam
1309,Nigam
1310,Nigam
1311,Nigam
1312,Nigam
1313,Nigam
1314,Nigam
1315,Nigam
1316,Nigam
1317,Nigam
1318,Nigam
1319,Nigam
1320,Nigam
1321,Nigam
1322,Nigam
1323,Nigam
1324,Nigam
1325,Nigam
1326,Nigam
1327,Nigam
1328,Nigam
1329,Nigam
1330,Nigam
1331,Nigam
1332,Nigam
1333,Nigam
1334,Nigam
1335,Nigam
1336,Nigam
1337,Nigam
1338,Nigam
1339,Nigam
1340,Nigam
1341,Nigam
1342,Nigam
1343,Nigam
1344,Nigam
1345,Nigam
1346,Nigam
1347,Nigam
1348,Nigam
1349,Nigam
1350,Nigam
1351,Nigam
1352,Nigam
1353,Nigam
1354,Nigam
1355,Nigam
1356,Nigam
1357,Nigam
1358,Nigam
1359,Nigam
1360,Nigam
1361,Nigam
1362,Nigam
1363,Nigam
1364,Nigam
1365,Nigam
1366,Nigam
1367,Nigam
1368,Nigam
1369,Nigam
1370,Nigam
1371,Nigam
1372,Nigam
1373,Nigam
1374,Nigam
1375,Nigam
1376,Nigam
1377,Nigam
1378,Nigam
1379,Nigam
1380,Nigam
1381,Nigam
1382,Nigam
1383,Nigam
1384,Nigam
1385,Nigam
1386,Nigam
1387,Nigam
1388,Nigam
1389,Nigam
1390,Nigam
1391,Nigam
1392,Nigam
1393,Nigam
1394,Nigam
1395,Nigam
1396,Nigam
1397,Nigam
1398,Nigam
1399,Nigam
1400,Nigam
1401,Nigam
1402,Nigam
1403,Nigam
1404,Nigam
1405,Nigam
1406,Nigam
1407,Nigam
1408,Nigam
1409,Nigam
1410,Nigam
1411,Nigam
1412,Nigam
1413,Nigam
1414,Nigam
1415,Nigam
1416,Nigam
1417,Nigam
1418,Nigam
1419,Nigam
1420,Nigam
1421,Nigam
1422,Nigam
1423,Nigam
1424,Nigam
1425,Nigam
1426,Nigam
1427,Nigam
1428,Nigam
1429,Nigam
1430,Nigam
1431,Nigam
1432,Nigam
1433,Nigam
1434,Nigam
1435,Nigam
1436,Nigam
1437,Nigam
1438,Nigam
1439,Nigam
1440,Nigam
1441,Nigam
1442,Nigam
1443,Nigam
1444,Nigam
1445,Nigam
1446,Nigam
1447,Nigam
1448,Nigam
1449,Nigam
1450,Nigam
1451,Nigam
1452,Nigam
1453,Nigam
1454,Nigam
1455,Nigam
1456,Nigam
1457,Nigam
1458,Nigam
1459,Nigam
1460,Nigam
1461,Nigam
1462,Nigam
1463,Nigam
1464,Nigam
1465,Nigam
1466,Nigam
1467,Nigam
1468,Nigam
1469,Nigam
1470,Nigam
1471,Nigam
1472,Nigam
1473,Nigam
1474,Nigam
1475,Nigam
1476,Nigam
1477,Nigam
1478,Nigam
1479,Nigam
1480,Nigam
1481,Nigam
1482,Nigam
1483,Nigam
1484,Nigam
1485,Nigam
1486,Nigam
1487,Nigam
1488,Nigam
1489,Nigam
1490,Nigam
1491,Nigam
1492,Nigam
1493,Nigam
1494,Nigam
1495,Nigam
1496,Nigam
1497,Nigam
1498,Nigam
1499,Nigam
